id,class_id,session_date,start_time,end_time,time_created,time_updated
3,3,2023-08-14,18:00:00,19:30:00,2023-09-01 02:14:15.206529,2023-09-01 02:14:15.206529
4,3,2023-08-16,18:00:00,19:30:00,2023-09-01 02:14:15.215129,2023-09-01 02:14:15.215129
6,3,2023-08-21,18:00:00,19:30:00,2023-09-01 02:14:31.446298,2023-09-01 02:14:31.446298
7,3,2023-08-23,18:00:00,19:30:00,2023-09-01 02:17:17.509755,2023-09-01 02:17:17.509755
8,3,2023-12-16,18:00:00,19:30:00,2023-09-06 05:15:44.558392,2023-09-06 05:15:44.558392
9,3,2023-09-30,18:00:00,19:30:00,2023-09-24 17:49:26.612686,2023-09-24 17:49:26.612686
10,3,2023-09-01,18:00:00,19:30:00,2023-09-24 17:50:54.415663,2023-09-24 17:50:54.415663
11,3,2023-08-31,18:00:00,19:30:00,2023-09-24 17:51:26.660216,2023-09-24 17:51:26.660216
12,3,2023-10-01,18:00:00,19:30:00,2023-09-25 04:51:04.974362,2023-09-25 04:51:04.974362
13,3,2023-09-17,18:00:00,19:30:00,2023-09-25 04:52:02.601005,2023-09-25 04:52:02.601005
14,3,2023-09-18,18:00:00,19:30:00,2023-09-25 04:53:03.928361,2023-09-25 04:53:03.928361
15,3,2023-09-24,18:00:00,19:30:00,2023-09-25 04:57:58.476589,2023-09-25 04:57:58.476589
16,3,2023-09-25,18:00:00,19:30:00,2023-09-25 05:13:09.20008,2023-09-25 05:13:09.20008
